level_0,level_1,level_2,no_vis_no_aud_data_Fz
0,0,0,-1.7093374735902987e-06
0,0,1,-1.3984454407474275e-06
0,0,2,-1.8811201069368248e-06
0,0,3,-3.409314427570468e-06
0,0,4,-5.1431711510901686e-06
0,0,5,-6.12130033941083e-06
0,0,6,-6.204855982705666e-06
0,0,7,-6.014953122347825e-06
0,0,8,-6.113849758702884e-06
0,0,9,-6.406239212956117e-06
0,0,10,-6.405909612071283e-06
0,0,11,-5.903451616834127e-06
0,0,12,-5.187554856995937e-06
0,0,13,-4.548335050021633e-06
0,0,14,-3.8077546036095105e-06
0,0,15,-2.494486980931173e-06
0,0,16,-5.566672908757362e-07
0,0,17,1.3082262934712883e-06
0,0,18,2.148616327033714e-06
0,0,19,1.6893526005136233e-06
0,0,20,6.129332269140812e-07
0,0,21,-6.163568378709809e-08
0,0,22,4.408567301406916e-08
0,0,23,4.7638510096029984e-07
0,0,24,5.672780928710237e-07
0,0,25,2.6145972177233127e-07
0,0,26,1.256303467547037e-07
0,0,27,6.909835622728447e-07
0,0,28,1.8067980177898592e-06
0,0,29,2.797494422187945e-06
0,0,30,3.110059743408072e-06
0,0,31,2.8178685590027797e-06
0,0,32,2.355045252065848e-06
0,0,33,2.009926386500077e-06
0,0,34,1.6333204500918526e-06
0,0,35,9.926859240878602e-07
0,0,36,1.396590185215003e-07
1,0,0,-2.9737714146197233e-06
1,0,1,-3.983100819149625e-06
1,0,2,-5.390765807826306e-06
1,0,3,-6.321802451181074e-06
1,0,4,-6.16182014796801e-06
1,0,5,-5.047934321469579e-06
1,0,6,-3.682815495575822e-06
1,0,7,-2.524167067673218e-06
1,0,8,-1.5543124622725873e-06
1,0,9,-5.907290503078044e-07
1,0,10,1.814092227934531e-08
1,0,11,-4.6700043426547836e-07
1,0,12,-2.4901033983022475e-06
1,0,13,-5.350855360728395e-06
1,0,14,-7.505816868593048e-06
1,0,15,-7.5199686063635125e-06
1,0,16,-5.25682415730244e-06
1,0,17,-1.8930182987016554e-06
1,0,18,7.746260168382582e-07
1,0,19,1.5738553209176145e-06
1,0,20,3.879049530545987e-07
1,0,21,-1.8899229243875168e-06
1,0,22,-4.14953580546898e-06
1,0,23,-5.53889084653673e-06
1,0,24,-6.016128189520025e-06
1,0,25,-6.123932053319096e-06
1,0,26,-6.691643020199879e-06
1,0,27,-8.01311119292842e-06
1,0,28,-9.66033199645142e-06
1,0,29,-1.0553722106953665e-05
1,0,30,-9.943894258795591e-06
1,0,31,-7.909676905539658e-06
1,0,32,-5.562388552001878e-06
1,0,33,-4.0991039597062975e-06
1,0,34,-4.159564257998045e-06
1,0,35,-5.352577579921335e-06
1,0,36,-6.958688130917967e-06
2,0,0,-1.2931955472483565e-05
2,0,1,-1.4763580331315549e-05
2,0,2,-1.5796533497278143e-05
2,0,3,-1.5731131368501203e-05
2,0,4,-1.5373582074863193e-05
2,0,5,-1.543147396007886e-05
2,0,6,-1.608069020536825e-05
2,0,7,-1.681725577830904e-05
2,0,8,-1.7213687790016644e-05
2,0,9,-1.698047442751712e-05
2,0,10,-1.6285064581838464e-05
2,0,11,-1.5317183216172203e-05
2,0,12,-1.447908165321248e-05
2,0,13,-1.3924339353376465e-05
2,0,14,-1.3768242411587271e-05
2,0,15,-1.3683362543986922e-05
2,0,16,-1.349147807654333e-05
2,0,17,-1.3136198881714771e-05
2,0,18,-1.3245156348610761e-05
2,0,19,-1.4419881550798287e-05
2,0,20,-1.7041320351568164e-05
2,0,21,-2.0406437701548448e-05
2,0,22,-2.336602081671015e-05
2,0,23,-2.45736187958884e-05
2,0,24,-2.367567830142644e-05
2,0,25,-2.1010983931995684e-05
2,0,26,-1.771021951768874e-05
2,0,27,-1.4657985812078947e-05
2,0,28,-1.2692167554585894e-05
2,0,29,-1.2018370213726461e-05
2,0,30,-1.2736057586760184e-05
2,0,31,-1.4209188732641764e-05
2,0,32,-1.574802032156691e-05
2,0,33,-1.6507705977767046e-05
2,0,34,-1.6672472950778495e-05
2,0,35,-1.6979748286936403e-05
2,0,36,-1.8671503044892144e-05
3,0,0,6.287232375152611e-07
3,0,1,-1.6534864945158209e-06
3,0,2,-3.4507390014704533e-06
3,0,3,-4.01253643371219e-06
3,0,4,-3.2457807293930006e-06
3,0,5,-1.7634203949381839e-06
3,0,6,-5.625023361208497e-07
3,0,7,-2.340228127961652e-07
3,0,8,-7.980994387945075e-07
3,0,9,-1.7896036563987453e-06
3,0,10,-2.8660901507082784e-06
3,0,11,-3.7884696776657495e-06
3,0,12,-4.4465785984837045e-06
3,0,13,-4.593649714718009e-06
3,0,14,-4.198682717097851e-06
3,0,15,-3.5315803487368717e-06
3,0,16,-3.2719403439909636e-06
3,0,17,-3.8350740058684565e-06
3,0,18,-5.092929571621932e-06
3,0,19,-6.260800094038993e-06
3,0,20,-6.654939451468205e-06
3,0,21,-6.04225287952092e-06
3,0,22,-4.85266798887652e-06
3,0,23,-3.5378256670480686e-06
3,0,24,-2.3825172675380257e-06
3,0,25,-1.3040970965142392e-06
3,0,26,-3.3077320078463166e-07
3,0,27,5.003649295740423e-07
3,0,28,1.0471215474863486e-06
3,0,29,1.4407549530054246e-06
3,0,30,1.7550002928637008e-06
3,0,31,1.983102113164154e-06
3,0,32,1.7322190873352857e-06
3,0,33,7.446483434253589e-07
3,0,34,-9.68272357444379e-07
3,0,35,-2.8067568982677625e-06
3,0,36,-4.193537887392198e-06
4,0,0,3.761719255300711e-06
4,0,1,4.196869912231264e-06
4,0,2,5.42597562243753e-06
4,0,3,7.734551879114311e-06
4,0,4,1.0725250627476729e-05
4,0,5,1.3237595173345431e-05
4,0,6,1.4211690206906795e-05
4,0,7,1.3528279870704259e-05
4,0,8,1.2242798584871715e-05
4,0,9,1.1642326890749137e-05
4,0,10,1.2286257880348827e-05
4,0,11,1.3522284481540833e-05
4,0,12,1.4284435232217387e-05
4,0,13,1.3937881365889775e-05
4,0,14,1.287153155398043e-05
4,0,15,1.187922479823939e-05
4,0,16,1.1491405337688031e-05
4,0,17,1.1374763004245428e-05
4,0,18,1.0907757113011657e-05
4,0,19,9.70970082479083e-06
4,0,20,8.177455432796185e-06
4,0,21,6.9268463571365364e-06
4,0,22,6.381970255972373e-06
4,0,23,6.2739521152183715e-06
4,0,24,6.249309174007685e-06
4,0,25,6.1618274239257326e-06
4,0,26,6.454763302603933e-06
4,0,27,7.370731437515189e-06
4,0,28,8.640694560716963e-06
4,0,29,9.209662813092212e-06
4,0,30,8.302430920618486e-06
4,0,31,5.910970227746779e-06
4,0,32,3.1867243271438298e-06
4,0,33,1.2713214535591127e-06
4,0,34,6.513612431007481e-07
4,0,35,5.759981917773568e-07
4,0,36,1.4392943727047156e-07
5,0,0,3.4216380809631278e-06
5,0,1,4.827697265770431e-06
5,0,2,4.962573513063765e-06
5,0,3,3.7379647085279547e-06
5,0,4,2.6520720379735827e-06
5,0,5,3.386598159964727e-06
5,0,6,6.289930845972981e-06
5,0,7,9.902759631810851e-06
5,0,8,1.2258895913737204e-05
5,0,9,1.2502688518765395e-05
5,0,10,1.1629549581392473e-05
5,0,11,1.1385417189138636e-05
5,0,12,1.2729175985946146e-05
5,0,13,1.4999677883456315e-05
5,0,14,1.684932965514182e-05
5,0,15,1.752637643872017e-05
5,0,16,1.757653398087671e-05
5,0,17,1.7950513842243903e-05
5,0,18,1.8938249841343605e-05
5,0,19,1.9694914519897315e-05
5,0,20,1.928042067073912e-05
5,0,21,1.7612097407033252e-05
5,0,22,1.5832000880792747e-05
5,0,23,1.5198363916178997e-05
5,0,24,1.6078651482014377e-05
5,0,25,1.7466316318103165e-05
5,0,26,1.7933424072745052e-05
5,0,27,1.658451680825303e-05
5,0,28,1.3829511796377772e-05
5,0,29,1.0819022443009872e-05
5,0,30,8.758534516800707e-06
5,0,31,7.96298930296472e-06
5,0,32,7.951989510079688e-06
5,0,33,7.730537005642979e-06
5,0,34,6.755727473033255e-06
5,0,35,5.104910163607971e-06
5,0,36,3.493687888513324e-06
6,0,0,-1.296981391760476e-06
6,0,1,-2.2554748620256756e-06
6,0,2,-7.42825079369546e-07
6,0,3,1.7293998356167199e-06
6,0,4,3.091311783144239e-06
6,0,5,2.5952639066606964e-06
6,0,6,1.2199573757132215e-06
6,0,7,5.458597651735238e-07
6,0,8,1.0771916255623249e-06
6,0,9,1.8787610595442136e-06
6,0,10,1.4810271061516212e-06
6,0,11,-5.931754091930868e-07
6,0,12,-3.4864697746546153e-06
6,0,13,-5.668264287004459e-06
6,0,14,-6.243484769850741e-06
6,0,15,-5.338181006173505e-06
6,0,16,-3.803029960462338e-06
6,0,17,-2.369755783389408e-06
6,0,18,-1.4804437562412114e-06
6,0,19,-1.2811426322425546e-06
6,0,20,-1.917902801708732e-06
6,0,21,-3.2128948556783767e-06
6,0,22,-4.642509226016837e-06
6,0,23,-5.36000196718148e-06
6,0,24,-5.015218341367778e-06
6,0,25,-4.0717121616680116e-06
6,0,26,-3.7873746460284977e-06
6,0,27,-5.128180859192174e-06
6,0,28,-8.108689628764086e-06
6,0,29,-1.154168438833854e-05
6,0,30,-1.4050227973892953e-05
6,0,31,-1.477922800599378e-05
6,0,32,-1.3952235375284928e-05
6,0,33,-1.2265242004062859e-05
6,0,34,-1.0529113362744275e-05
6,0,35,-9.11444308197227e-06
6,0,36,-8.26016415461211e-06
7,0,0,4.5071582224821024e-06
7,0,1,4.07810118014423e-06
7,0,2,2.817506762005023e-06
7,0,3,1.6241296421956028e-06
7,0,4,1.305221504830796e-06
7,0,5,1.8646713493133347e-06
7,0,6,2.5603094781655362e-06
7,0,7,2.679302855447256e-06
7,0,8,2.161012558104657e-06
7,0,9,1.6738846419911402e-06
7,0,10,2.015417006096497e-06
7,0,11,3.4984903844081287e-06
7,0,12,5.57368447636622e-06
7,0,13,7.130530245218875e-06
7,0,14,7.113494317807171e-06
7,0,15,5.310421408472342e-06
7,0,16,2.5546311388598733e-06
7,0,17,3.393729280653915e-07
7,0,18,-2.937098586809427e-07
7,0,19,5.230527754699292e-07
7,0,20,1.5126622427337296e-06
7,0,21,1.4088360540721347e-06
7,0,22,-4.3593588056171335e-08
7,0,23,-1.8108152559474517e-06
7,0,24,-2.6365036712345277e-06
7,0,25,-2.089257426842226e-06
7,0,26,-9.6933410157505e-07
7,0,27,-3.0565311590891777e-07
7,0,28,-4.0130785835119955e-07
7,0,29,-4.363519630252908e-07
7,0,30,5.933032386753258e-07
7,0,31,2.969956084288933e-06
7,0,32,5.8398750258497885e-06
7,0,33,8.112584448932995e-06
7,0,34,9.244043896118831e-06
7,0,35,9.648146222457604e-06
7,0,36,9.881589505221164e-06
8,0,0,-2.000480738184593e-06
8,0,1,-2.7489050308195686e-06
8,0,2,-3.371105099388101e-06
8,0,3,-3.4055262001821943e-06
8,0,4,-2.7626398562125275e-06
8,0,5,-1.7025426385721022e-06
8,0,6,-6.700294406780469e-07
8,0,7,-7.750608803677071e-08
8,0,8,-2.288300527190145e-07
8,0,9,-1.144356809844923e-06
8,0,10,-2.432065448235298e-06
8,0,11,-3.3015338468361094e-06
8,0,12,-3.0516327115019063e-06
8,0,13,-1.6840258718649052e-06
8,0,14,-1.791933440798891e-07
8,0,15,1.4996554905977566e-07
8,0,16,-1.2860701836607164e-06
8,0,17,-3.6809270207489202e-06
8,0,18,-5.349802529645934e-06
8,0,19,-5.046840381225985e-06
8,0,20,-3.0416455500329175e-06
8,0,21,-9.052624726171599e-07
8,0,22,-2.029644777625162e-07
8,0,23,-1.1814375460350425e-06
8,0,24,-2.6772410309276132e-06
8,0,25,-3.1994612549351336e-06
8,0,26,-2.204374719546172e-06
8,0,27,-4.0139994469112625e-07
8,0,28,1.0313780120651219e-06
8,0,29,1.4699709245942388e-06
8,0,30,1.1014356623908694e-06
8,0,31,4.548872834246805e-07
8,0,32,-1.7739512523479942e-07
8,0,33,-7.876169665035524e-07
8,0,34,-1.3309391959465824e-06
8,0,35,-1.6072577876305433e-06
8,0,36,-1.5800527998067852e-06
9,0,0,-5.038823731007221e-06
9,0,1,-6.439816302654389e-06
9,0,2,-7.985363600557498e-06
9,0,3,-9.269858266522856e-06
9,0,4,-9.667359116419911e-06
9,0,5,-8.738739546220592e-06
9,0,6,-6.883818525952375e-06
9,0,7,-5.242336270285192e-06
9,0,8,-4.8926330056573515e-06
9,0,9,-5.783914179813699e-06
9,0,10,-6.70750315284361e-06
9,0,11,-6.290141848746937e-06
9,0,12,-4.3272998217603156e-06
9,0,13,-1.9957031624449884e-06
9,0,14,-8.795295929396276e-07
9,0,15,-1.520496630211543e-06
9,0,16,-3.0488922220256876e-06
9,0,17,-3.9660648917379205e-06
9,0,18,-3.521690867000309e-06
9,0,19,-2.2178245092953477e-06
9,0,20,-1.2903910111542846e-06
9,0,21,-1.5427520568450285e-06
9,0,22,-2.798081955774045e-06
9,0,23,-4.089528799343351e-06
9,0,24,-4.527048144310498e-06
9,0,25,-3.853601140815408e-06
9,0,26,-2.5632442357129484e-06
9,0,27,-1.3918995344328156e-06
9,0,28,-8.793364162620925e-07
9,0,29,-1.0221252675787583e-06
9,0,30,-1.4977640826503979e-06
9,0,31,-1.9663866916901307e-06
9,0,32,-2.4858185867994063e-06
9,0,33,-3.4299432229055937e-06
9,0,34,-5.20332549535968e-06
9,0,35,-7.667711293495613e-06
9,0,36,-1.0055700990735752e-05
10,0,0,5.192616740783552e-06
10,0,1,4.629735190841148e-06
10,0,2,5.9578881497273305e-06
10,0,3,7.936459705916562e-06
10,0,4,8.933212799421887e-06
10,0,5,8.25364271370534e-06
10,0,6,6.450140886662763e-06
10,0,7,4.4530618406124305e-06
10,0,8,2.7171090955717907e-06
10,0,9,1.122699375986764e-06
10,0,10,-3.292083014400748e-07
10,0,11,-1.1432581402288098e-06
10,0,12,-6.330911313603473e-07
10,0,13,1.3001245145471691e-06
10,0,14,3.995562715739014e-06
10,0,15,6.495645453855699e-06
10,0,16,8.366593953795267e-06
10,0,17,9.779132378954548e-06
10,0,18,1.1032228376963782e-05
10,0,19,1.1895822712996193e-05
10,0,20,1.1784304836577619e-05
10,0,21,1.0365298812598715e-05
10,0,22,8.223288873278182e-06
10,0,23,6.53282123224357e-06
10,0,24,6.246662180588202e-06
10,0,25,7.204914543804369e-06
10,0,26,8.319669847250651e-06
10,0,27,8.307630320007059e-06
10,0,28,6.719780603904732e-06
10,0,29,4.05185570924514e-06
10,0,30,1.3904607137931707e-06
10,0,31,-4.3730706890058983e-07
10,0,32,-1.1446401174487468e-06
10,0,33,-1.0396828811591732e-06
10,0,34,-5.161418889260572e-07
10,0,35,8.921803233692865e-08
10,0,36,6.326087353633387e-07
11,0,0,-3.858067851261315e-06
11,0,1,-2.6388679936964878e-06
11,0,2,4.079633133042724e-07
11,0,3,2.9138882816743216e-06
11,0,4,3.0055800827935157e-06
11,0,5,9.673829625622622e-07
11,0,6,-8.695184208101542e-07
11,0,7,-1.6208527099989173e-07
11,0,8,3.3436219880803963e-06
11,0,9,7.381926953662959e-06
11,0,10,9.012868529377407e-06
11,0,11,7.107071829925429e-06
11,0,12,3.3921719073781275e-06
11,0,13,9.330368950821833e-07
11,0,14,1.5119373754456152e-06
11,0,15,4.114033133559422e-06
11,0,16,5.956274706102343e-06
11,0,17,5.000845778280433e-06
11,0,18,1.771642045265783e-06
11,0,19,-1.2438419802302694e-06
11,0,20,-1.8181883477056521e-06
11,0,21,7.278594120409693e-08
11,0,22,2.407210049059112e-06
11,0,23,2.9496492500830323e-06
11,0,24,1.1237191014615869e-06
11,0,25,-1.76882534013242e-06
11,0,26,-3.827254170306088e-06
11,0,27,-4.172287361469676e-06
11,0,28,-3.309345678844983e-06
11,0,29,-2.3300017693825325e-06
11,0,30,-1.8166080096883026e-06
11,0,31,-1.646581428738127e-06
11,0,32,-1.5584932275799953e-06
11,0,33,-1.7730921436398978e-06
11,0,34,-2.754738711822609e-06
11,0,35,-4.515801332660783e-06
11,0,36,-6.203744216365652e-06
12,0,0,2.979497229549526e-06
12,0,1,5.416682405436334e-06
12,0,2,7.697579827542673e-06
12,0,3,8.344241484075656e-06
12,0,4,6.8735805258409e-06
12,0,5,4.157100982511057e-06
12,0,6,1.6698306602470485e-06
12,0,7,5.493498147193779e-07
12,0,8,9.239629572568527e-07
12,0,9,2.1160047569252323e-06
12,0,10,3.1677842815961202e-06
12,0,11,3.5035620907386696e-06
12,0,12,3.0647949190220963e-06
12,0,13,2.262733357449745e-06
12,0,14,1.5374391525159833e-06
12,0,15,1.157141758957196e-06
12,0,16,9.670040670638577e-07
12,0,17,6.395320819848107e-07
12,0,18,-1.3617737043307898e-07
12,0,19,-1.2675286786972625e-06
12,0,20,-2.367313426280873e-06
12,0,21,-2.829120281923957e-06
12,0,22,-2.283335231741297e-06
12,0,23,-6.718833092310306e-07
12,0,24,1.5330826728295743e-06
12,0,25,3.5902587649823533e-06
12,0,26,4.569669613255852e-06
12,0,27,3.840043121195109e-06
12,0,28,1.2747939043822253e-06
12,0,29,-2.3659086207435814e-06
12,0,30,-5.821150712448554e-06
12,0,31,-7.789309281743082e-06
12,0,32,-7.842274615984775e-06
12,0,33,-6.5311608586912716e-06
12,0,34,-5.221412434864415e-06
12,0,35,-5.110979039944395e-06
12,0,36,-6.775231405304466e-06
13,0,0,-3.331182283162061e-06
13,0,1,-5.676999801846217e-06
13,0,2,-5.831136236827055e-06
13,0,3,-3.977355359133971e-06
13,0,4,-1.8580160307844691e-06
13,0,5,-1.2885228180595346e-06
13,0,6,-2.6022726548359374e-06
13,0,7,-4.449563560139403e-06
13,0,8,-5.038808087698117e-06
13,0,9,-3.695460746299821e-06
13,0,10,-1.3455320386539794e-06
13,0,11,2.9740092929625166e-07
13,0,12,1.6981358865653037e-07
13,0,13,-1.4871665592779541e-06
13,0,14,-3.525617701383198e-06
13,0,15,-4.9824325120718395e-06
13,0,16,-5.672498894399014e-06
13,0,17,-6.019173541624821e-06
13,0,18,-6.288458192129926e-06
13,0,19,-6.274249701889226e-06
13,0,20,-5.533918457029102e-06
13,0,21,-4.070974743352826e-06
13,0,22,-2.463766614133739e-06
13,0,23,-1.4530608712511357e-06
13,0,24,-1.1685412747696136e-06
13,0,25,-1.1050364429183144e-06
13,0,26,-6.784114803986936e-07
13,0,27,-7.22675917441231e-08
13,0,28,-8.82630856232048e-08
13,0,29,-1.3254320235463437e-06
13,0,30,-3.220329793077219e-06
13,0,31,-4.397217046102017e-06
13,0,32,-3.8616079684912475e-06
13,0,33,-2.2267308272446438e-06
13,0,34,-1.262084716179739e-06
13,0,35,-2.3635555760160914e-06
13,0,36,-5.0130744804248125e-06
14,0,0,6.333607692585999e-06
14,0,1,3.7315036580702827e-06
14,0,2,3.7089845689188244e-06
14,0,3,6.367215341306705e-06
14,0,4,9.758870291888642e-06
14,0,5,1.1805136631133206e-05
14,0,6,1.2239770331267568e-05
14,0,7,1.2420471651691518e-05
14,0,8,1.3575541581687203e-05
14,0,9,1.534336211205813e-05
14,0,10,1.6369368193587183e-05
14,0,11,1.5999330446114096e-05
14,0,12,1.532474293624599e-05
14,0,13,1.6063280293729604e-05
14,0,14,1.8678997281346425e-05
14,0,15,2.1474181586957444e-05
14,0,16,2.1997811891571605e-05
14,0,17,1.9164016988709818e-05
14,0,18,1.4355314701967902e-05
14,0,19,1.0176954826182942e-05
14,0,20,8.449270661397212e-06
14,0,21,8.93301416577606e-06
14,0,22,1.0106295090355649e-05
14,0,23,1.0634982913182791e-05
14,0,24,1.0446681854917581e-05
14,0,25,1.0181778786153028e-05
14,0,26,1.0298382557019702e-05
14,0,27,1.0478087798831428e-05
14,0,28,1.0257033289282145e-05
14,0,29,9.58221804193732e-06
14,0,30,9.045620525469935e-06
14,0,31,9.133295816027309e-06
14,0,32,9.792811179473043e-06
14,0,33,1.0315457774603108e-05
14,0,34,1.0126089333339992e-05
14,0,35,9.129268573427848e-06
14,0,36,7.856309938431678e-06
15,0,0,-5.651132316950816e-06
15,0,1,-4.529376814579617e-06
15,0,2,-1.472103507802734e-06
15,0,3,1.8292197910067776e-06
15,0,4,3.356059874009301e-06
15,0,5,2.362257908956265e-06
15,0,6,-2.4531573582794677e-07
15,0,7,-2.6593789185165074e-06
15,0,8,-3.665846506975166e-06
15,0,9,-3.2192271216843586e-06
15,0,10,-2.1807904301841244e-06
15,0,11,-1.2529378368782393e-06
15,0,12,-5.72742337120699e-07
15,0,13,2.1499147671640485e-07
15,0,14,1.255033130803406e-06
15,0,15,2.322771286395695e-06
15,0,16,2.858429840518978e-06
15,0,17,2.538108712164442e-06
15,0,18,1.4036100974378746e-06
15,0,19,3.61333382825329e-08
15,0,20,-8.490058588996469e-07
15,0,21,-6.514029889081816e-07
15,0,22,6.021063744491682e-07
15,0,23,2.3569719256707935e-06
15,0,24,3.7264337707291725e-06
15,0,25,4.267992035171829e-06
15,0,26,4.181638422334766e-06
15,0,27,4.230655094320402e-06
15,0,28,4.824439819498021e-06
15,0,29,5.6357935066779095e-06
15,0,30,5.5645917120002825e-06
15,0,31,3.7577491289693724e-06
15,0,32,2.5052670853677185e-07
15,0,33,-3.7305887063866653e-06
15,0,34,-6.715164736325512e-06
15,0,35,-7.775215751634399e-06
15,0,36,-7.248973378197823e-06
16,0,0,-5.3109823848127545e-06
16,0,1,-3.799948228568929e-06
16,0,2,-2.783759778693929e-06
16,0,3,-2.0699492178337527e-06
16,0,4,-1.4398987546804172e-06
16,0,5,-9.813357938384846e-07
16,0,6,-1.0105732295025805e-06
16,0,7,-1.6284988548080263e-06
16,0,8,-2.5470866982973056e-06
16,0,9,-3.403108035633087e-06
16,0,10,-4.2287811714089454e-06
16,0,11,-5.353371023110985e-06
16,0,12,-6.838292858482044e-06
16,0,13,-8.023428500979072e-06
16,0,14,-7.99817874489432e-06
16,0,15,-6.560805293240476e-06
16,0,16,-4.7790662195440925e-06
16,0,17,-4.295866229207123e-06
16,0,18,-6.025430137670488e-06
16,0,19,-9.373297647082023e-06
16,0,20,-1.2849712411961887e-05
16,0,21,-1.5301874601123845e-05
16,0,22,-1.663594618781948e-05
16,0,23,-1.730717657079438e-05
16,0,24,-1.7478193591489543e-05
16,0,25,-1.675185947029828e-05
16,0,26,-1.4887251239918188e-05
16,0,27,-1.2422108742179104e-05
16,0,28,-1.0489867574384323e-05
16,0,29,-9.708994329295966e-06
16,0,30,-9.489311337777394e-06
16,0,31,-8.468415888952699e-06
16,0,32,-5.951539149018587e-06
16,0,33,-2.7725373415025853e-06
16,0,34,-8.2924463057347e-07
16,0,35,-1.4742671957304932e-06
16,0,36,-4.427990345491883e-06
17,0,0,5.938544834222846e-07
17,0,1,1.1927258306437759e-06
17,0,2,2.044573223882514e-06
17,0,3,3.2751177547284246e-06
17,0,4,4.238527680576259e-06
17,0,5,4.22333293426626e-06
17,0,6,3.1612646596787812e-06
17,0,7,1.82564675006815e-06
17,0,8,9.863794877317935e-07
17,0,9,6.776953897345821e-07
17,0,10,7.50392427830256e-08
17,0,11,-1.5621019207114637e-06
17,0,12,-4.063780276356715e-06
17,0,13,-6.178435525023348e-06
17,0,14,-6.640732416419049e-06
17,0,15,-5.226379731201636e-06
17,0,16,-3.151080501654453e-06
17,0,17,-2.065067959696601e-06
17,0,18,-2.8390008506123097e-06
17,0,19,-4.852474812198985e-06
17,0,20,-6.7783098630169e-06
17,0,21,-7.725112779160778e-06
17,0,22,-7.984402446542342e-06
17,0,23,-8.31904484248228e-06
17,0,24,-9.013697260962011e-06
17,0,25,-9.356164949432609e-06
17,0,26,-8.545140863137554e-06
17,0,27,-6.676052825587656e-06
17,0,28,-5.047328234191286e-06
17,0,29,-4.8953352963555265e-06
17,0,30,-6.241691246272119e-06
17,0,31,-7.682569526760942e-06
17,0,32,-7.849204965715555e-06
17,0,33,-6.641299941121412e-06
17,0,34,-5.370154474789715e-06
17,0,35,-5.2052990988919366e-06
17,0,36,-5.97300395189604e-06
18,0,0,5.688257163634629e-06
18,0,1,4.223510467634691e-06
18,0,2,2.200627965116917e-06
18,0,3,1.165362226941665e-06
18,0,4,1.605219973771385e-06
18,0,5,2.30276804152577e-06
18,0,6,1.6870139258026354e-06
18,0,7,-1.986927629835756e-07
18,0,8,-1.2512695507219178e-06
18,0,9,7.348525396444746e-07
18,0,10,5.635857171307982e-06
18,0,11,1.047045968475505e-05
18,0,12,1.1716320470404927e-05
18,0,13,8.297287546104378e-06
18,0,14,2.6727705006039025e-06
18,0,15,-1.1632927626664135e-06
18,0,16,-7.970318738976585e-07
18,0,17,2.8803428423921436e-06
18,0,18,6.8564412798295346e-06
18,0,19,8.494611519541389e-06
18,0,20,7.3688164054426e-06
18,0,21,4.927551054363899e-06
18,0,22,3.0097439314992187e-06
18,0,23,2.4776676951606595e-06
18,0,24,3.169583262143034e-06
18,0,25,4.443484133664281e-06
18,0,26,5.874251379503888e-06
18,0,27,7.281996039917632e-06
18,0,28,8.698849108006417e-06
18,0,29,1.0140665987041456e-05
18,0,30,1.1622935735822626e-05
18,0,31,1.2874274590041852e-05
18,0,32,1.3357617916745957e-05
18,0,33,1.2438422894584726e-05
18,0,34,1.0168133455040057e-05
18,0,35,7.555497835518758e-06
18,0,36,6.202729947859121e-06
19,0,0,-2.444006022453863e-06
19,0,1,-2.927775720280512e-06
19,0,2,-3.0337796940379537e-06
19,0,3,-3.0516217975653224e-06
19,0,4,-3.3586326526600138e-06
19,0,5,-3.946145866078635e-06
19,0,6,-4.206688453380032e-06
19,0,7,-3.2397253135783637e-06
19,0,8,-7.834498436168742e-07
19,0,9,2.2851083826382957e-06
19,0,10,4.284335655206227e-06
19,0,11,4.0461142510062336e-06
19,0,12,1.8246501257590964e-06
19,0,13,-8.269555233244674e-07
19,0,14,-2.3795597726227304e-06
19,0,15,-2.4217430470142403e-06
19,0,16,-1.80514055462065e-06
19,0,17,-1.542775703707627e-06
19,0,18,-1.910197562480495e-06
19,0,19,-2.263996463710389e-06
19,0,20,-1.9850709873238907e-06
19,0,21,-1.095105033475375e-06
19,0,22,-2.5881356963545974e-07
19,0,23,1.2355462970328428e-07
19,0,24,3.3237595784671395e-07
19,0,25,1.131535480944037e-06
19,0,26,2.788359275368273e-06
19,0,27,4.71551254782658e-06
19,0,28,5.762221639459529e-06
19,0,29,5.314356610206612e-06
19,0,30,3.693143717563058e-06
19,0,31,1.8692568397690626e-06
19,0,32,3.657623037658136e-07
19,0,33,-9.850902789728197e-07
19,0,34,-2.7211858146837655e-06
19,0,35,-4.747774144368605e-06
19,0,36,-6.273712736209298e-06
20,0,0,-6.315328303999502e-06
20,0,1,-7.405780453460743e-06
20,0,2,-7.316585215335117e-06
20,0,3,-6.316277088886529e-06
20,0,4,-4.854033686141053e-06
20,0,5,-3.1446736570818143e-06
20,0,6,-1.3112355386358856e-06
20,0,7,3.8072428764079326e-07
20,0,8,1.3472155133720468e-06
20,0,9,1.1217533195838824e-06
20,0,10,-2.48167797568368e-07
20,0,11,-2.0493786301604077e-06
20,0,12,-3.4686858787890274e-06
20,0,13,-4.014934953175446e-06
20,0,14,-3.7363076091566317e-06
20,0,15,-2.8572704166558813e-06
20,0,16,-1.6531556203383855e-06
20,0,17,-3.818481729978888e-07
20,0,18,4.964991222865515e-07
20,0,19,5.753152067208832e-07
20,0,20,-2.6354910398184843e-07
20,0,21,-1.6221278443271714e-06
20,0,22,-3.0509631414924837e-06
20,0,23,-4.413033522999413e-06
20,0,24,-5.96559411655134e-06
20,0,25,-7.685874266758549e-06
20,0,26,-8.971463236765386e-06
20,0,27,-8.817328620773978e-06
20,0,28,-6.894068167596207e-06
20,0,29,-4.091959333020587e-06
20,0,30,-2.2376318490035916e-06
20,0,31,-2.633235129126591e-06
20,0,32,-5.114002927973909e-06
20,0,33,-8.054501206029223e-06
20,0,34,-9.789270698445224e-06
20,0,35,-9.739840752060944e-06
20,0,36,-8.759699397632096e-06
21,0,0,9.76651150268892e-06
21,0,1,7.002875749763111e-06
21,0,2,4.307423360453707e-06
21,0,3,2.8811608419391073e-06
21,0,4,2.749697018817674e-06
21,0,5,2.7447157162618365e-06
21,0,6,1.7425856899995083e-06
21,0,7,-9.539920853332715e-08
21,0,8,-1.1942134911496337e-06
21,0,9,6.359368380064452e-08
21,0,10,3.722461825408403e-06
21,0,11,7.826312619932927e-06
21,0,12,9.849163472034608e-06
21,0,13,8.754507274201246e-06
21,0,14,5.909695843751665e-06
21,0,15,3.911866282662246e-06
21,0,16,4.355152187922442e-06
21,0,17,6.524917359369505e-06
21,0,18,8.212174120261133e-06
21,0,19,7.790201314159873e-06
21,0,20,5.635388599630647e-06
21,0,21,3.5838679275167044e-06
21,0,22,3.111638262435991e-06
21,0,23,4.005452561273463e-06
21,0,24,4.7354210233471685e-06
21,0,25,4.0519073685449706e-06
21,0,26,2.1437106944381917e-06
21,0,27,3.216363259250006e-07
21,0,28,-3.520023990560796e-07
21,0,29,1.999106758833809e-08
21,0,30,4.710972532106619e-07
21,0,31,3.513999724940159e-07
21,0,32,-2.2716921305067474e-08
21,0,33,1.4069336412387206e-07
21,0,34,9.600008668063801e-07
21,0,35,1.4884833257268023e-06
21,0,36,5.573807440051732e-07
22,0,0,-5.9941555247935345e-06
22,0,1,-6.258720625321873e-06
22,0,2,-7.452393149014831e-06
22,0,3,-8.142591953772557e-06
22,0,4,-7.320777622174882e-06
22,0,5,-5.313631197221668e-06
22,0,6,-3.6291756800532434e-06
22,0,7,-3.6410744175149033e-06
22,0,8,-5.475431762269611e-06
22,0,9,-7.799814309502977e-06
22,0,10,-8.898099755048374e-06
22,0,11,-7.84814122069651e-06
22,0,12,-5.179937293058257e-06
22,0,13,-2.345079372773198e-06
22,0,14,-7.636836130697631e-07
22,0,15,-8.367120369336497e-07
22,0,16,-1.8250615811683097e-06
22,0,17,-2.3648141348031588e-06
22,0,18,-1.5835094254218512e-06
22,0,19,3.0087390307882556e-07
22,0,20,2.03390030339817e-06
22,0,21,2.4081455553232956e-06
22,0,22,1.2112765215038546e-06
22,0,23,-4.3788732652896747e-07
22,0,24,-1.0417094172838614e-06
22,0,25,1.5746218430636908e-07
22,0,26,2.451140280899819e-06
22,0,27,4.344268810360972e-06
22,0,28,4.582769611337513e-06
22,0,29,3.1200117983810492e-06
22,0,30,8.832534281020562e-07
22,0,31,-8.610834030223398e-07
22,0,32,-1.3854794112373332e-06
22,0,33,-5.672359377909683e-07
22,0,34,1.1173291734906533e-06
22,0,35,2.9719389646672855e-06
22,0,36,4.0717987455649105e-06
23,0,0,8.926194410602663e-06
23,0,1,8.976185333327356e-06
23,0,2,1.0246963363794062e-05
23,0,3,1.0697446282635571e-05
23,0,4,8.714544804005618e-06
23,0,5,4.882854482276058e-06
23,0,6,1.4401471376871726e-06
23,0,7,2.460781652478041e-07
23,0,8,1.0798323434682723e-06
23,0,9,2.20940768140184e-06
23,0,10,2.240788159463657e-06
23,0,11,1.6181084233822621e-06
23,0,12,1.9485796946587736e-06
23,0,13,4.218579187288197e-06
23,0,14,7.462308096603423e-06
23,0,15,9.594958971505371e-06
23,0,16,9.164185894538622e-06
23,0,17,6.572963418594946e-06
23,0,18,3.325249831032936e-06
23,0,19,5.667747330208268e-07
23,0,20,-1.8621802432880583e-06
23,0,21,-4.582616816225339e-06
23,0,22,-7.545786614746399e-06
23,0,23,-9.601609924459603e-06
23,0,24,-9.698500943068427e-06
23,0,25,-7.96179531830244e-06
23,0,26,-5.860991674150215e-06
23,0,27,-4.740699366877031e-06
23,0,28,-4.7230216999941935e-06
23,0,29,-4.6493329829669805e-06
23,0,30,-3.615229851886329e-06
23,0,31,-1.983151953474554e-06
23,0,32,-1.2865040126399266e-06
23,0,33,-2.6108768386408023e-06
23,0,34,-5.589126969036674e-06
23,0,35,-8.450476287591847e-06
23,0,36,-9.578697205995352e-06
24,0,0,1.1073838123987808e-05
24,0,1,9.579444446853463e-06
24,0,2,7.413849490575111e-06
24,0,3,5.833543123641693e-06
24,0,4,5.185240738642263e-06
24,0,5,5.090829730223189e-06
24,0,6,5.226895596604169e-06
24,0,7,5.817477808990184e-06
24,0,8,7.389710773234601e-06
24,0,9,9.985482177946449e-06
24,0,10,1.2699475526522478e-05
24,0,11,1.4075760764733114e-05
24,0,12,1.3182663147731318e-05
24,0,13,1.0404122595410756e-05
24,0,14,7.245016712388271e-06
24,0,15,5.269352992702878e-06
24,0,16,5.097101969577959e-06
24,0,17,6.232265243042486e-06
24,0,18,7.739380932254803e-06
24,0,19,9.004726732685813e-06
24,0,20,9.941714381861899e-06
24,0,21,1.067195496475443e-05
24,0,22,1.114583954641915e-05
24,0,23,1.1143667673038952e-05
24,0,24,1.0517845087019279e-05
24,0,25,9.400887351170364e-06
24,0,26,8.077395734599167e-06
24,0,27,6.722073985778896e-06
24,0,28,5.3432228810773835e-06
24,0,29,3.967563739028777e-06
24,0,30,2.803234425235307e-06
24,0,31,2.1299167518887366e-06
24,0,32,1.942664704828183e-06
24,0,33,1.7580125393608587e-06
24,0,34,9.444404126713484e-07
24,0,35,-6.131646933191316e-07
24,0,36,-2.188455287847001e-06
25,0,0,-7.345289596146561e-06
25,0,1,-8.932378974666876e-06
25,0,2,-9.741572429998924e-06
25,0,3,-9.447136248838322e-06
25,0,4,-8.346608353122819e-06
25,0,5,-7.131575072747841e-06
25,0,6,-6.528825276262316e-06
25,0,7,-6.870908066569387e-06
25,0,8,-7.952957940052566e-06
25,0,9,-9.096267011985434e-06
25,0,10,-9.51005582084031e-06
25,0,11,-8.692831163374052e-06
25,0,12,-6.870416939423112e-06
25,0,13,-4.900721324059684e-06
25,0,14,-3.798117961403808e-06
25,0,15,-3.960024391636615e-06
25,0,16,-4.93861014630437e-06
25,0,17,-5.802450045909918e-06
25,0,18,-6.030834355268952e-06
25,0,19,-5.951253203880088e-06
25,0,20,-6.5074936234111864e-06
25,0,21,-8.2791624078216e-06
25,0,22,-1.0865707898141186e-05
25,0,23,-1.297346190090793e-05
25,0,24,-1.3412944299268635e-05
25,0,25,-1.1950011863326828e-05
25,0,26,-9.638731133164555e-06
25,0,27,-8.04335007322356e-06
25,0,28,-8.253128303494352e-06
25,0,29,-1.0073684975438711e-05
25,0,30,-1.2323311422646958e-05
25,0,31,-1.3670011161565944e-05
25,0,32,-1.3736068126537918e-05
25,0,33,-1.3221144232934624e-05
25,0,34,-1.3264264468781863e-05
25,0,35,-1.4240338562843775e-05
25,0,36,-1.545249274674792e-05
26,0,0,6.30454869978505e-07
26,0,1,-1.8775990890959138e-07
26,0,2,-3.6561878549973525e-07
26,0,3,3.8971552965913283e-07
26,0,4,2.2243213938448036e-06
26,0,5,4.512376539360754e-06
26,0,6,5.867582600453235e-06
26,0,7,5.066014348814477e-06
26,0,8,2.1903954219737334e-06
26,0,9,-1.2336167130448084e-06
26,0,10,-3.3491615384925006e-06
26,0,11,-3.489215721099126e-06
26,0,12,-2.614918996953595e-06
26,0,13,-2.3223470980604673e-06
26,0,14,-3.3331460641513916e-06
26,0,15,-4.9443010366371045e-06
26,0,16,-5.8421218415945285e-06
26,0,17,-5.446105287072885e-06
26,0,18,-4.397431686854834e-06
26,0,19,-3.905987308822382e-06
26,0,20,-4.6058805996497055e-06
26,0,21,-6.135604144697697e-06
26,0,22,-7.60843697631265e-06
26,0,23,-8.459876097373679e-06
26,0,24,-8.666174964661521e-06
26,0,25,-8.422744702327916e-06
26,0,26,-7.702026165306956e-06
26,0,27,-6.409556322081852e-06
26,0,28,-4.78502195473793e-06
26,0,29,-3.6075213384771166e-06
26,0,30,-3.695209361960505e-06
26,0,31,-5.261159172913568e-06
26,0,32,-7.6286816010800226e-06
26,0,33,-9.812613426010881e-06
26,0,34,-1.1217067534544578e-05
26,0,35,-1.196411121420169e-05
26,0,36,-1.2401925235456602e-05
27,0,0,-5.577898347281266e-07
27,0,1,1.3328093899297062e-06
27,0,2,3.384027564101331e-06
27,0,3,5.286970632934504e-06
27,0,4,6.919413966322897e-06
27,0,5,8.232698141805053e-06
27,0,6,9.028827615046166e-06
27,0,7,9.135683057756095e-06
27,0,8,8.491407915356126e-06
27,0,9,7.307350569793589e-06
27,0,10,5.829152083156101e-06
27,0,11,4.323720778156567e-06
27,0,12,2.9296803841133466e-06
27,0,13,1.9198987788109854e-06
27,0,14,1.6337844742956117e-06
27,0,15,2.4585031863172077e-06
27,0,16,4.360535669041397e-06
27,0,17,6.91597389351165e-06
27,0,18,9.287939021463527e-06
27,0,19,1.0829559484983747e-05
27,0,20,1.119452588992418e-05
27,0,21,1.054345864099016e-05
27,0,22,9.0917013485145e-06
27,0,23,7.1235365946559085e-06
27,0,24,4.764368057348661e-06
27,0,25,2.3822184075745698e-06
27,0,26,4.079689521715074e-07
27,0,27,-6.184172981485507e-07
27,0,28,-6.203345584831925e-07
27,0,29,1.3747287744295644e-07
27,0,30,9.492719214475718e-07
27,0,31,1.3452209005118665e-06
27,0,32,1.083690420050683e-06
27,0,33,3.847237224393333e-07
27,0,34,-7.080051196680467e-07
27,0,35,-2.301957317936529e-06
27,0,36,-4.9069662785729946e-06
28,0,0,4.397119184470648e-06
28,0,1,7.682074761635805e-06
28,0,2,8.620194549833528e-06
28,0,3,7.037181890425187e-06
28,0,4,4.891126518610886e-06
28,0,5,4.3998094698385806e-06
28,0,6,5.980828880628814e-06
28,0,7,8.169426413449292e-06
28,0,8,9.150547111787602e-06
28,0,9,8.529102469529619e-06
28,0,10,7.408693019337101e-06
28,0,11,7.135353477593189e-06
28,0,12,7.887187647814863e-06
28,0,13,8.677301359210927e-06
28,0,14,8.433348683112838e-06
28,0,15,7.1053248724762316e-06
28,0,16,5.497165411784915e-06
28,0,17,4.329242866270137e-06
28,0,18,3.484415044193752e-06
28,0,19,2.4257088077709455e-06
28,0,20,1.0510095464448933e-06
28,0,21,1.0896577740395084e-07
28,0,22,5.194692298673397e-07
28,0,23,2.445546342703738e-06
28,0,24,4.985166816983994e-06
28,0,25,6.888323071378439e-06
28,0,26,7.387406477423852e-06
28,0,27,6.535700328714404e-06
28,0,28,4.857289313424032e-06
28,0,29,2.9946312216125418e-06
28,0,30,1.5841256990409557e-06
28,0,31,1.2000595412808027e-06
28,0,32,1.9625833666895827e-06
28,0,33,3.187733502479955e-06
28,0,34,3.6091646135287666e-06
28,0,35,2.417126088041362e-06
28,0,36,1.4730714148161512e-07
29,0,0,1.8890567216206408e-06
29,0,1,3.922255258896466e-06
29,0,2,6.398567443133404e-06
29,0,3,8.348315292804542e-06
29,0,4,8.702550387699906e-06
29,0,5,7.066241337973494e-06
29,0,6,4.106811745519738e-06
29,0,7,1.2219154268858456e-06
29,0,8,-2.4595297330023955e-07
29,0,9,3.42959020253184e-07
29,0,10,2.6828562513000326e-06
29,0,11,5.731839058999367e-06
29,0,12,8.152112544452584e-06
29,0,13,8.969379402473633e-06
29,0,14,8.121520052612125e-06
29,0,15,6.566987674517372e-06
29,0,16,5.595927806719992e-06
29,0,17,5.8277048951650755e-06
29,0,18,6.653454428497021e-06
29,0,19,6.797190973307056e-06
29,0,20,5.4915480086251784e-06
29,0,21,3.245418022900529e-06
29,0,22,1.3810755468762558e-06
29,0,23,8.458842911377069e-07
29,0,24,1.4036795828341255e-06
29,0,25,2.020167842691471e-06
29,0,26,1.910773090736353e-06
29,0,27,1.2432617226018917e-06
29,0,28,7.538364683121986e-07
29,0,29,8.508556802011474e-07
29,0,30,1.1094866005604019e-06
29,0,31,7.549452787943876e-07
29,0,32,-4.922700173350239e-07
29,0,33,-2.056432307374586e-06
29,0,34,-3.0344159765407954e-06
29,0,35,-2.967438784815855e-06
29,0,36,-2.1349513508348922e-06
